{"cameraMode":{"drawMode":0,"name":"Shaded","section":"Shading Mode"},"sceneLighting":true,"audioPlay":false,"sceneViewState":{"showFog":true,"showMaterialUpdate":false,"showSkybox":true,"showFlares":true,"showImageEffects":true,"showParticleSystems":true,"showVisualEffectGraphs":true,"m_FxEnabled":true},"in2DMode":false,"pivot":{"x":-0.05000019073486328,"y":1.0399999618530274,"z":2.0999999046325685},"rotation":{"x":0.09393012523651123,"y":0.7698309421539307,"z":-0.11662235856056214,"w":0.6203745007514954},"size":8.966448783874512,"orthographic":false}